time,S1,S2,C,P0
0,5,1,1,5
1,4.093653765,1.453173117,1,5
2,3.35160023,1.824199885,1,4.093653765
3,2.744058181,2.12797091,1,3.35160023
4,2.246644821,2.37667759,1,2.74405818
5,1.839397206,2.580301397,1,2.246644821
6,1.50597106,2.74701447,1,1.839397206
7,1.23298482,2.88350759,1,1.50597106
8,1.00948259,2.995258705,1,1.23298482
9,0.826494441,3.086752779,1,1.00948259
10,0.676676416,3.161661792,1,0.826494441
