Time,S1,c,p1,p2
0,1,1,1,0.02
1,1.010050167,1,1.010050167,0.02
2,1.02020134,1,1.02020134,0.020201003
3,1.030454534,1,1.030454534,0.020404027
4,1.040810774,1,1.040810774,0.020609091
5,1.051271096,1,1.051271096,0.020816215
6,1.061836547,1,1.061836547,0.021025422
7,1.072508181,1,1.072508181,0.021236731
8,1.083287068,1,1.083287068,0.021450164
9,1.094174284,1,1.094174284,0.021665741
10,1.105170918,1,1.105170918,0.021883486
