Time,S1,c,p1,p2
0,1,1,1,0.02
1,1.01005,1,1.01005,0.020201
2,1.0202,1,1.0202,0.020404
3,1.03046,1,1.03046,0.0206092
4,1.04081,1,1.04081,0.0208162
5,1.05127,1,1.05127,0.0210254
6,1.06184,1,1.06184,0.0212368
7,1.07251,1,1.07251,0.0214502
8,1.08329,1,1.08329,0.0216658
9,1.09417,1,1.09417,0.0218834
10,1.10517,1,1.10517,0.0221034
