time,S1
0,0
0.5,0.39346934
1,0.632120559
1.5,0.77686984
2,0.864664717
2.5,0.917915001
3,0.950212932
3.5,0.969802617
4,0.981684361
4.5,0.988891003
5,0.993262053
5.5,0.995913229
6,0.997521248
6.5,0.998496561
7,0.999088118
7.5,0.999446916
8,0.999664537
8.5,0.999796532
9,0.99987659
9.5,0.999925148
10,0.9999546
