time,S1,S2,C,P0
0,5,1,1,5
1,4.093653765,1.906346235,1,5
2,3.35160023,2.64839977,1,4.093653765
3,2.74405818,3.25594182,1,3.35160023
4,2.246644821,3.753355179,1,2.74405818
5,1.839397206,4.160602794,1,2.246644821
6,1.50597106,4.49402894,1,1.839397206
7,1.23298482,4.76701518,1,1.50597106
8,1.00948259,4.99051741,1,1.23298482
9,0.826494441,5.173505559,1,1.00948259
10,0.676676416,5.323323584,1,0.826494441
