time,S1,C,x
0,1,2,0.675
1,3,3.3,0.247933884
2,5,4.6,0.127599244
3,7,5.9,0.077563918
4,9,7.2,0.052083333
5,11,8.5,0.037370242
6,13,9.8,0.028113286
7,15,11.1,0.021913806
8,17,12.4,0.017559834
9,19,13.7,0.014385423
10,21,15,0.012
