Time,p1,p2
0,1,0.01
1,1.010050167,0.1010050167
2,1.02020134,0.1020201340
3,1.030454534,0.1030454534
4,1.040810774,0.1040810774
5,1.051271096,0.1051271096
6,1.061836547,0.1061836547
7,1.072508181,0.1072508181
8,1.083287068,0.1083287068
9,1.094174284,0.1094174284
10,1.105170918,0.1105170918
