Time,p1,p2
0,1,0.01
1,1.010050167,0.01
2,1.02020134,0.010100502
3,1.030454534,0.010202013
4,1.040810774,0.010304545
5,1.051271096,0.010408108
6,1.061836547,0.010512711
7,1.072508181,0.010618365
8,1.083287068,0.010725082
9,1.094174284,0.010832871
10,1.105170918,0.010941743
