Time,p1,p2
0,1,0.01
1,1.01005,0.0101005
2,1.0202,0.010202
3,1.03046,0.0103046
4,1.04081,0.0104081
5,1.05127,0.0105127
6,1.06184,0.0106184
7,1.07251,0.0107251
8,1.08329,0.0108329
9,1.09417,0.0109417
10,1.10517,0.0110517
