Time,S1,p2,c
0,1,0.01,1
1,1.01005,0.0101005,1
2,1.0202,0.010202,1
3,1.03046,0.0103046,1
4,1.04081,0.0104081,1
5,1.05127,0.0105127,1
6,1.06184,0.0106184,1
7,1.07251,0.0107251,1
8,1.08329,0.0108329,1
9,1.09417,0.0109417,1
10,1.10517,0.0110517,1
