Time,p1,p2,p3
0,1,10,0.01
1,1.010050167,10,0.01
2,1.02020134,10,0.010100502
3,1.030454534,10,0.010202013
4,1.040810774,10,0.010304545
5,1.051271096,5,0.0105
6,1.061836547,5,0.010512711
7,1.072508181,5,0.010618365
8,1.083287068,5,0.010725082
9,1.094174284,5,0.010832871
10,1.105170918,5,0.010941743
