Time,p1,p2,p3
0,1,10,0.01
1,1.01005,10,0.0101005
2,1.0202,10,0.010202
3,1.03046,10,0.0103046
4,1.04081,10,0.0104081
5,1.05127,5,0.0105127
6,1.06184,5,0.0106184
7,1.07251,5,0.0107251
8,1.08329,5,0.0108329
9,1.09417,5,0.0109417
10,1.10517,5,0.0110517
