Time,p1,p2
0,1,10
1,1.01005,10
2,1.0202,10
3,1.03046,10
4,1.04081,10
5,1.05127,5
6,1.06184,5
7,1.07251,5
8,1.08329,5
9,1.09417,5
10,1.10517,5
