Time,p1,p2
0,2,10
1,2.0201,10.0201
2,2.0404,10.0404
3,2.06091,10.0609
4,2.08162,10.0816
5,2.10254,10.1025
6,2.12368,10.1237
7,2.14502,10.145
8,2.16657,10.1666
9,2.18835,10.1883
10,2.21034,10.2103
